Model,MAE,MAPE
Linear Regression,32.18766599485422,1.9985458520230754
Random Forest,14.41829375232524,0.860671237158457
XGBoost,15.748782266666657,0.9654440012982478
