Model,MAE,MAPE
Linear Regression,33.20062643400888,2.065053309461996
Random Forest,14.451020958178077,0.862515177984498
XGBoost,16.357435017317698,0.9922065690682156
